{"sections":{"main":{"type":"main-page","settings":{"padding_top":36,"padding_bottom":36}},"form":{"type":"contact-form","settings":{"heading":"","heading_size":"h1","color_scheme":"background-1","padding_top":36,"padding_bottom":36}},"16645327678dac9942":{"type":"slick-slider","blocks":{"c700d1e7-433c-4e62-9c47-d2cbb09904f9":{"type":"column","settings":{"title":"image 1","image":"shopify:\/\/shop_images\/man-dressed-in-monochrome-by-white-wall.jpg","description":"Description"}},"92e12a33-48f7-4012-be8c-6a3c600d31c5":{"type":"column","settings":{"title":"image 2","image":"shopify:\/\/shop_images\/laptop-coffee.jpg","description":"Description"}},"7e21b1e9-8776-48c5-a174-f40e07196fe3":{"type":"column","settings":{"title":"image 3","image":"shopify:\/\/shop_images\/person-stands-on-rocks-poking-out-of-the-ocean-shoreline.jpg","description":"Description"}},"c9c4e9b7-b94f-457b-9205-6b16b4ec82dc":{"type":"column","settings":{"title":"image 4","image":"shopify:\/\/shop_images\/rack-of-womens-clothing.jpg","description":"Description"}}},"block_order":["c700d1e7-433c-4e62-9c47-d2cbb09904f9","92e12a33-48f7-4012-be8c-6a3c600d31c5","7e21b1e9-8776-48c5-a174-f40e07196fe3","c9c4e9b7-b94f-457b-9205-6b16b4ec82dc"],"settings":{"heading":"contact slick slider"}}},"order":["main","form","16645327678dac9942"]}